,戦略名,注目度スコア,主な特徴,適用市場,収益性,リスク,2026年トレンド
1,AI/機械学習トレーディング(トランスフォーマー),95,トランスフォーマーモデルで最高精度(MAE1.32)達成、時系列パターン認識,日本株・米国株・暗号資産,★★★★★,中,急成長中、AI技術進化で精度向上
2,モメンタム戦略(中期順張り),92,2025年26%上昇、業績連動で中期で効果的、AI・防衛関連銘柄で実績,日本株(特にTOPIX500),★★★★★,中,継続推奨、業績相場で有効性高い
3,ペアトレード(統計的アービトラージ),88,市場中立、低リスク、相関ペアの価格差で収益、FX・暗号資産で有効,FX・株式・暗号資産,★★★★,低,安定需要、ボラティリティ活用
4,クオンタティブ投資(QIS),85,日本市場50→100億ドル成長(CAGR8.9%)、低金利環境で需要拡大,日本株式・債券,★★★★,中,拡大中、機関投資家の関心増
5,深層強化学習トレーディング(DRL),82,リアルタイム最適化、複雑な推論処理、仮想通貨市場で高い適応性,暗号資産・FX,★★★★,高,研究段階、実用化進む
6,センチメント分析+AI,80,SNS・ニュース解析、投資家心理数値化、生成AIと組み合わせ,株式全般,★★★★,中,普及期、LLM活用で高度化
7,高頻度取引(HFT),75,東証の6割以上、0.5ms応答、規制強化の影響あり,株式・FX,★★★,高,規制対応、技術革新継続
8,リバーサル戦略(逆張り),70,短期(1-数ヶ月)で効果、下落銘柄の反転狙い、2026年は効きにくい,日本株,★★★,中,効果低下、モメンタム優位
9,トレンドフォロー戦略,68,中長期(数週間-数ヶ月)、移動平均・ブレイクアウト活用,株式・商品先物,★★★★,中,基本戦略、常に一定需要
10,アルゴリズム取引(自動売買),65,コスト削減、24時間監視不要、個人投資家にも普及,株式・先物・FX,★★★,中,標準化、個人投資家採用増
